angle,b,mse,mae
37.02008,7.14779,80.67998,7.01437
